Provinsi,Kabupaten/Kota,Persentase Penduduk Miskin (P0),Rata-rata Lama Sekolah,Pengeluaran per Kapita,Umur Harapan Hidup (UHH),Indeks Pembangunan Manusia (IPM),Tingkat Pengangguran Terbuka (TPT) - Agustus,Tingkat Partisipasi Angkatan Kerja (TPAK) - Agustus,Rumah Tangga yang Memiliki Akses Terhadap Sanitasi Layak,Rumah Tangga yang Memiliki Akses Terhadap Sumber Air Minum Layak
ACEH,Aceh Barat,17.93,9.87,9775,68.19,72.34,6.09,57.8,88.39,95.49
ACEH,Aceh Barat Daya,15.44,8.68,8651,65.3,67.41,4.12,59.18,65.94,89.11
ACEH,Aceh Besar,13.38,10.35,9894,69.99,74,8.28,65.31,83.49,90.38
ACEH,Aceh Jaya,12.51,8.72,10041,67.4,70.36,3.12,69.12,78.05,83.1
ACEH,Aceh Selatan,12.43,8.89,8353,64.64,67.87,4.82,60.69,70.83,77.45
ACEH,Aceh Singkil,19.18,8.69,8994,67.65,69.62,6.88,57.33,78.92,84.37
ACEH,Aceh Tamiang,12.61,9.04,8759,69.87,70.43,7.38,66.01,82.74,83.82
ACEH,Aceh Tengah,14.5,9.87,10957,69.05,73.95,4.44,76.37,89.69,97.1
ACEH,Aceh Tenggara,12.83,9.92,8222,68.48,70.32,5.09,67.82,62.88,93.8
ACEH,Aceh Timur,13.91,8.32,9127,68.94,68.72,8.07,58.45,69.06,82.85
ACEH,Aceh Utara,16.86,8.73,8620,69.01,70.22,7.08,56.37,78.92,91.25
ACEH,Bener Meriah,18.39,10.01,11421,69.48,73.9,2.61,79.71,81.56,88.48
ACEH,Bireuen,12.51,9.31,9438,71.48,73.16,4.2,64.39,85.39,94.79
ACEH,Gayo Lues,18.87,8.41,9094,65.77,68.25,2.7,79.87,46.33,86.19
ACEH,Kota Banda Aceh,7.13,13.03,17228,71.79,86.28,8.62,58.93,96.88,95.66
ACEH,Kota Langsa,10.62,11.14,12353,69.63,77.82,7.85,63.9,91.92,98.46
ACEH,Kota Lhokseumawe,10.84,11.12,11701,71.87,78.04,9.15,64.11,90.27,98.69
ACEH,Kota Sabang,14.66,11.19,11780,70.79,76.85,4.01,67.81,89.52,92.55
ACEH,Kota Subulussalam,16.94,8.22,7689,64.3,66.2,5.75,67.04,72.46,56.02
ACEH,Nagan Raya,17.38,8.95,8581,69.45,70.1,5.84,66.64,79.97,90.49
ACEH,Pidie,18.79,9.02,10211,67.15,71.2,5.94,65.47,54.68,89.22
ACEH,Pidie Jaya,18.45,9.53,10701,70.41,74.34,4.4,57.89,73.49,90.38
ACEH,Simeulue,18.37,9.73,7371,65.48,67.27,6,64.44,70.21,83.69
BALI,Badung,2.53,10.64,17445,75.51,82.13,6.87,72.8,87.77,98.79
BALI,Bangli,5.28,7.47,11424,70.97,70.26,0.76,83.36,82.43,93.12
BALI,Buleleng,6.21,7.56,13529,72.32,73.45,5.2,75.38,80.9,98.99
BALI,Gianyar,4.7,9.55,14630,74.13,78.39,6.78,80.26,91.77,98.98
BALI,Jembrana,5.3,8.64,11915,72.82,73.58,3.94,80.6,85.84,97.23
BALI,Klungkung,6.07,8.46,11500,71.83,72.55,1.96,79.81,93.39,98.25
BALI,Kota Denpasar,2.97,11.5,19850,75.3,84.37,5.08,72.37,98.51,100
BALI,Tabanan,5.18,9.15,14475,74.1,76.75,3.83,76.93,79.35,94.6
BANTEN,Kota Cilegon,3.64,10.34,13185,67.02,73.95,8.1,67.39,87.72,99.08
BANTEN,Kota Serang,5.94,8.9,13709,68.54,72.98,8.17,64.8,91.55,97.61
BANTEN,Kota Tangerang,5.77,10.84,14909,71.91,78.9,7.16,66.08,94.43,95.58
BANTEN,Kota Tangerang Selatan,2.5,11.84,15997,72.78,81.95,6.59,58.67,97.56,98.64
BANTEN,Lebak,8.91,6.59,8854,67.74,64.71,8.55,66.17,67.4,73.27
BANTEN,Pandeglang,9.32,7.13,8827,65.2,65.84,9.24,61.66,62.14,77.27
BANTEN,Serang,4.96,7.78,10916,65.18,67.75,10.61,64.25,82.38,91.91
BANTEN,Tangerang,6.92,8.92,12427,70.28,72.97,7.88,67.05,86.63,98.55
BENGKULU,Bengkulu Selatan,17.86,9.39,10318,68.15,71.42,3.51,75.64,84.09,65
BENGKULU,Bengkulu Tengah,9.76,7.49,9697,68.37,68.47,2.48,65.16,74.65,51.89
BENGKULU,Bengkulu Utara,11.48,8.1,10774,68.53,69.77,4.16,67.72,83.44,82.64
BENGKULU,Kaur,18.1,8.39,9009,67.01,67.77,3.83,72.22,81.23,83.94
BENGKULU,Kepahiang,14.53,8.3,9708,68.28,69.09,2.92,74.47,64.58,61.81
BENGKULU,Kota Bengkulu,15.73,11.82,14503,70.46,80.99,6.15,66.29,94.49,94.51
BENGKULU,Lebong,12.03,8.24,11644,63.68,68.12,3.16,72.8,51.92,54.85
BENGKULU,Mukomuko,11.44,8.31,10747,67,69.12,3.07,62.72,79.12,75.73
BENGKULU,Rejang Lebong,15.65,8.55,10547,69,71.45,2.28,74.46,70.2,57.25
BENGKULU,Seluma,18.36,8.09,8657,68.13,67.76,1.74,70.57,86.16,71.59
D I YOGYAKARTA,Bantul,12.27,9.59,16002,73.9,80.69,3.97,74.39,96.05,96.89
D I YOGYAKARTA,Gunung Kidul,15.86,7.31,9874,74.23,70.96,2.08,74.07,96.57,97.17
D I YOGYAKARTA,Kota Yogyakarta,6.62,11.89,19319,74.83,87.69,7.18,72.48,92.82,98.79
D I YOGYAKARTA,Kulon Progo,16.39,9.17,10511,75.28,75.46,2.8,78.83,96.43,88.4
D I YOGYAKARTA,Sleman,7.74,10.94,16438,75,84.31,4.78,68.12,97.42,97.52
DKI JAKARTA,Kep Seribu,14.11,9.02,13,72.79,69.2,8.47,67.68,85.66,86.96
DKI JAKARTA,Kota Jakarta Barat,4.22,11.13,21357,73.81,82.51,7.1,63.97,91.65,98.91
DKI JAKARTA,Kota Jakarta Pusat,4.9,11.53,17765,74.48,82.11,5.88,63.6,92.35,98.13
DKI JAKARTA,Kota Jakarta Selatan,3.52,11.66,24221,74.49,85.21,5.63,63.07,95.45,98.01
DKI JAKARTA,Kota Jakarta Timur,4.3,11.73,18199,74.83,83.45,8.39,61.26,94.32,98.11
DKI JAKARTA,Kota Jakarta Utara,7.24,10.82,19201,73.47,80.81,8.04,64.34,88.92,96.09
GORONTALO,Boalemo,18.74,7.03,9543,69.61,67.27,2.07,72.46,74.62,95.14
GORONTALO,Bone Bolango,16.05,8.33,10676,68.88,70.9,3.29,65.28,76.75,94.87
GORONTALO,Gorontalo,17.71,7.61,9850,67.89,68.28,1.83,70.47,75.14,96.8
GORONTALO,Gorontalo Utara,17.24,7.16,9636,66.3,66.01,2.02,69.95,81.8,89.47
GORONTALO,Kota Gorontalo,5.73,10.39,13077,72.88,78.22,3.5,64.64,92.09,100
GORONTALO,Pohuwato,17.87,7.35,10913,64.62,66.53,3.41,70.53,78.32,95.93
JAMBI,Batang Hari,9.63,8.21,10173,70.93,70.51,3.53,63.42,80.26,83.35
JAMBI,Bungo,5.38,8.29,11956,68.13,70.55,5.5,67.83,79.59,77.26
JAMBI,Kerinci,7.57,8.57,10570,70.28,71.99,2.63,73.53,68.1,81.16
JAMBI,Kota Jambi,8.33,11.21,12597,72.99,79.58,8.95,64.52,92.82,95.3
JAMBI,Kota Sungai Penuh,2.97,10.34,10745,72.53,76.17,2.49,63.02,77.72,93.67
JAMBI,Merangin,8.7,7.91,10714,71.53,69.98,4.69,69.5,75.7,51.26
JAMBI,Muaro Jambi,4.47,8.59,9118,71.58,70.18,5.35,67.21,83.36,74.15
JAMBI,Sarolangun,8.48,8.12,12069,69.46,70.89,5.22,66.74,79.14,72.01
JAMBI,Tanjung Jabung Barat,10,8.18,9968,68.43,68.79,2.88,70,73.53,92.85
JAMBI,Tanjung Jabung Timur,10.91,7.19,9503,66.66,65.77,1.32,72.85,69.75,83.71
JAMBI,Tebo,6.34,7.7,10725,70.26,69.78,1.38,69.02,78.29,74.24
JAWA BARAT,Bandung,6.8,9.08,10588,74.01,73.16,6.98,63.64,70.85,93.79
JAWA BARAT,Bandung Barat,10.82,8.22,9044,72.79,69.04,9.63,64.37,50.96,86.6
JAWA BARAT,Bekasi,5.01,9.53,11757,74.04,75.22,10.31,65.41,89.99,94.86
JAWA BARAT,Bogor,7.73,8.34,10860,71.65,71.2,10.64,63.75,73.47,92.28
JAWA BARAT,Ciamis,7.72,8,9428,72.3,71.45,3.75,68.47,75.5,93.8
JAWA BARAT,Cianjur,10.55,7.2,8244,70.58,65.94,8.41,69.98,61.76,80.79
JAWA BARAT,Cirebon,12.01,7.4,10791,72.47,70.06,8.11,65.53,86.76,94.99
JAWA BARAT,Garut,10.42,7.83,8227,71.85,67.41,7.6,68.84,51.9,78.15
JAWA BARAT,Indramayu,12.77,6.83,10166,72.15,68.55,6.49,69.08,86.64,95.25
JAWA BARAT,Karawang,8.44,7.96,11927,72.62,71.74,9.87,65.51,85.1,98.19
JAWA BARAT,Kota Bandung,4.25,11,17639,74.75,82.5,9.55,69.42,49.85,99.03
JAWA BARAT,Kota Banjar,6.73,8.78,10967,71.49,72.55,5.53,63.76,88.26,97.67
JAWA BARAT,Kota Bekasi,4.43,11.44,16239,75.48,82.46,8.81,65.33,90.8,98.28
JAWA BARAT,Kota Bogor,7.1,10.63,12058,74.13,77.17,10.78,64.21,67.93,98.73
JAWA BARAT,Kota Cimahi,5.11,11.21,12500,74.5,78.77,10.77,67.22,77.18,97.81
JAWA BARAT,Kota Cirebon,9.82,10.33,12087,72.74,75.89,8.42,65.42,90.62,99.05
JAWA BARAT,Kota Depok,2.53,11.47,15926,74.92,81.86,7.82,63.35,96.21,99.44
JAWA BARAT,Kota Sukabumi,8.02,10.14,11229,72.85,75.4,8.83,62.48,45.8,97.82
JAWA BARAT,Kota Tasikmalaya,12.72,9.53,10578,72.63,73.83,6.62,65.99,52.62,96.81
JAWA BARAT,Kuningan,12.76,7.88,9620,74.03,70.16,9.81,61.8,69.29,95.51
JAWA BARAT,Majalengka,11.94,7.49,9950,70.76,68.56,4.16,66.21,81.26,95.7
JAWA BARAT,Pangandaran,9.32,8.03,9389,71.89,69.03,1.56,79.92,83,84.14
JAWA BARAT,Purwakarta,8.7,8.11,12193,71.47,71.56,8.75,65.21,82.46,92.59
JAWA BARAT,Subang,9.75,7.2,11294,72.92,69.87,7.77,68.87,80.02,98.01
JAWA BARAT,Sukabumi,7.34,7.11,9210,71.54,67.64,7.77,69.11,63.32,85.7
JAWA BARAT,Sumedang,10.14,8.72,10776,72.91,72.69,7.72,64.63,80.59,95.84
JAWA BARAT,Tasikmalaya,10.73,7.73,8177,69.95,66.84,4.17,67.83,54.39,89.35
JAWA TENGAH,Banjarnegara,15.2,6.84,9776,74.37,68.61,6.38,72.17,51.66,89.21
JAWA TENGAH,Banyumas,12.84,7.78,11905,73.88,73.17,6.05,64.75,79.8,90.03
JAWA TENGAH,Batang,8.98,6.9,9972,74.79,69.45,6.64,74.9,67.29,93.63
JAWA TENGAH,Blora,11.53,7.01,10067,74.6,69.95,3.7,75.08,91.52,93.39
JAWA TENGAH,Boyolali,9.82,8.08,13250,76.12,74.97,4.92,75.51,92.4,96.36
JAWA TENGAH,Brebes,16.05,6.35,10514,69.74,67.03,9.48,66.01,80.72,89.67
JAWA TENGAH,Cilacap,11.02,7.18,10904,74.07,70.99,9.62,65.65,79.1,90.56
JAWA TENGAH,Demak,12.09,8.1,10698,75.52,73.36,6.11,66.97,91.64,93.64
JAWA TENGAH,Grobogan,11.8,7.26,10610,74.93,70.97,4.4,72.05,87.93,81.85
JAWA TENGAH,Jepara,6.88,8.09,10913,75.97,73.15,4.1,69.74,68.14,83.46
JAWA TENGAH,Karanganyar,9.85,8.79,11798,77.64,76.58,5.7,70.7,96.32,98.18
JAWA TENGAH,Kebumen,16.41,7.85,9282,73.7,70.79,5.92,71.57,93.49,87.38
JAWA TENGAH,Kendal,9.48,7.71,11999,74.53,73.19,7.34,73.44,82.65,95.15
JAWA TENGAH,Klaten,12.33,9.09,12522,76.95,76.95,4.31,68.66,95,97.97
JAWA TENGAH,Kota Magelang,7.1,10.94,12816,77.02,80.39,6.71,67.56,82.27,99.71
JAWA TENGAH,Kota Pekalongan,7,9.2,13158,74.51,75.9,4.98,70.35,86.82,99.96
JAWA TENGAH,Kota Salatiga,4.73,10.95,16351,77.72,84.35,5.58,71,97.72,98.04
JAWA TENGAH,Kota Semarang,4.25,10.8,16047,77.69,84.08,7.6,70.96,92.45,99.36
JAWA TENGAH,Kota Surakarta,8.84,10.92,15463,77.43,83.08,5.83,68.15,87.49,98.68
JAWA TENGAH,Kota Tegal,7.91,9,13455,74.64,76.15,6.68,68.6,93.58,99.41
JAWA TENGAH,Kudus,7.41,9.06,11609,76.76,75.89,3.21,70.99,92.78,95.7
JAWA TENGAH,Magelang,11.09,7.81,10011,74.03,70.85,4.97,79.57,80.49,94.65
JAWA TENGAH,Pati,9.33,7.79,10948,76.32,73.14,4.45,71.52,93.8,96.67
JAWA TENGAH,Pekalongan,9.67,7.46,10707,73.8,70.81,3.23,70.4,77.8,91.59
JAWA TENGAH,Pemalang,15.06,6.5,8994,73.65,67.19,6.63,69.91,77.69,95.56
JAWA TENGAH,Purbalingga,15.3,7.33,10277,73.28,69.54,5.23,73.47,78.56,88.61
JAWA TENGAH,Purworejo,11.53,8.32,10671,75.03,73.6,4.45,72.38,80.21,89.1
JAWA TENGAH,Rembang,14.65,7.41,10937,74.68,71,1.76,73.98,92.92,96.43
JAWA TENGAH,Semarang,7.27,8.05,12448,75.86,74.67,4.81,75.42,85.91,93.7
JAWA TENGAH,Sragen,12.94,7.79,13052,75.87,74.65,4.69,69.4,93.08,96.85
JAWA TENGAH,Sukoharjo,7.61,9.62,11841,77.82,77.94,2.47,67.38,96.14,99.45
JAWA TENGAH,Tegal,7.9,7.25,10020,71.85,69.53,9.64,65.54,85.82,99.32
JAWA TENGAH,Temanggung,9.33,7.41,9773,75.7,70.77,2.54,76.14,75.3,94.15
JAWA TENGAH,Wonogiri,10.99,7.42,9780,76.41,71.04,1.95,74.87,94.62,94.67
JAWA TENGAH,Wonosobo,16.17,6.88,11108,72.05,68.89,5.01,74.55,55.3,90.28
JAWA TIMUR,Bangkalan,19.44,5.97,8971,70.54,65.05,8.05,73.86,53.48,93.91
JAWA TIMUR,Banyuwangi,7.51,7.66,12320,71.06,71.94,5.26,72,78.07,95.97
JAWA TIMUR,Blitar,8.71,7.82,11001,73.98,71.86,5.45,72.79,80.11,96.37
JAWA TIMUR,Bojonegoro,12.21,7.43,10323,72.16,70.12,4.69,72.16,91.01,96.51
JAWA TIMUR,Bondowoso,13.47,6.22,10851,67.29,67.31,4.32,74.61,51.64,93.31
JAWA TIMUR,Gresik,11.06,9.75,13384,72.99,77.16,7.84,68.3,90.29,91.5
JAWA TIMUR,Jember,9.39,6.5,9840,69.68,67.97,4.06,69.44,65.95,95.4
JAWA TIMUR,Jombang,9.04,8.76,11579,72.86,74.05,5.47,66.65,93.67,99.07
JAWA TIMUR,Kediri,10.65,8.23,11565,72.97,73.46,6.83,68.73,88.68,92.17
JAWA TIMUR,Kota Batu,3.79,9.63,13094,72.97,77.22,8.43,71.51,94.37,99.12
JAWA TIMUR,Kota Blitar,7.37,10.65,14058,74.26,79.93,5.39,67.78,95.91,99.1
JAWA TIMUR,Kota Kediri,7.23,10.45,12762,74.34,79.59,4.38,69.93,95.87,99.77
JAWA TIMUR,Kota Madiun,4.76,11.67,16503,73.13,82.01,6.39,66.85,95.38,98.54
JAWA TIMUR,Kota Malang,4.37,10.69,16897,73.75,82.71,7.66,63.08,82.61,96.76
JAWA TIMUR,Kota Mojokerto,5.98,10.8,14054,73.74,79.32,5.05,69.41,95.59,98.65
JAWA TIMUR,Kota Pasuruan,6.37,9.67,13803,71.96,76.54,6.18,68.05,89.32,100
JAWA TIMUR,Kota Probolinggo,6.65,9.29,12571,70.68,74.56,4.57,68.39,89.27,100
JAWA TIMUR,Kota Surabaya,4.72,10.51,18345,74.47,82.74,7.62,69.99,96.41,95.66
JAWA TIMUR,Lamongan,12.53,8.33,11648,72.86,74.02,6.05,69.3,90.66,78.56
JAWA TIMUR,Lumajang,9.06,6.87,9466,70.61,66.95,4.97,69.75,77.99,97.35
JAWA TIMUR,Madiun,10.79,7.94,11848,71.9,72.39,5.84,72.72,89.4,94.79
JAWA TIMUR,Magetan,9.84,8.66,12031,72.97,74.85,4.33,74.03,91.01,98.71
JAWA TIMUR,Malang,9.55,7.68,10326,72.95,71.38,6.57,70.38,81.8,96.02
JAWA TIMUR,Mojokerto,9.71,8.97,13051,72.93,74.89,4.83,71.34,89.87,97.05
JAWA TIMUR,Nganjuk,10.7,8.12,12349,71.95,72.93,4.74,66.79,83.36,98.67
JAWA TIMUR,Ngawi,14.15,7.59,11563,72.81,71.75,2.48,78.6,84.26,99.16
JAWA TIMUR,Pacitan,13.8,7.82,9184,72.48,69.37,3.65,82.99,72.64,83.95
JAWA TIMUR,Pamekasan,13.93,6.88,8967,68.03,66.99,1.4,73.59,65.95,95.24
JAWA TIMUR,Pasuruan,8.96,7.42,10726,70.55,69.68,5.91,70.19,83.4,96.9
JAWA TIMUR,Ponorogo,9.32,7.77,10199,73.2,71.87,5.51,72.92,86.77,91.5
JAWA TIMUR,Probolinggo,17.12,6.13,11254,67.78,66.96,3.25,71.56,62.36,95.92
JAWA TIMUR,Sampang,21.61,5.06,8944,68.38,63.39,3.11,73.37,79.33,93.25
JAWA TIMUR,Sidoarjo,5.36,10.77,14808,74.36,81.02,8.8,72.87,89.54,95.86
JAWA TIMUR,Situbondo,11.78,6.63,10263,69.62,68.25,3.38,72.15,54.52,99.22
JAWA TIMUR,Sumenep,18.76,5.93,9388,71.99,67.87,1.36,75.12,67.68,94.6
JAWA TIMUR,Trenggalek,10.96,7.89,10042,74.26,71,5.37,72.01,79.27,81.23
JAWA TIMUR,Tuban,15.02,7.37,10703,71.97,69.67,4.54,73.63,80.99,97.51
JAWA TIMUR,Tulungagung,6.71,8.65,11162,74.54,74.06,6.65,71.95,83.6,96.39
KALIMANTAN BARAT,Bengkayang,6.03,7,9484,74,68.74,2.84,69.95,79.53,82.58
KALIMANTAN BARAT,Kapuas Hulu,8.59,7.59,7668,72.69,66.7,2.21,77.68,60.31,68.56
KALIMANTAN BARAT,Kayong Utara,9.04,6.21,8234,68.82,63.81,3.1,70.02,77.87,96.73
KALIMANTAN BARAT,Ketapang,9.39,7.48,9426,71.27,67.92,6.71,60.57,74.1,67.49
KALIMANTAN BARAT,Kota Pontianak,4.46,10.44,15141,73.46,80.48,9.92,64.82,98.13,97.22
KALIMANTAN BARAT,Kota Singkawang,4.67,8.19,12089,72.46,72.89,8.63,68.86,93.7,89.75
KALIMANTAN BARAT,Kubu Raya,4.12,7.02,9142,70.95,68.91,6.87,64.66,73.52,94.64
KALIMANTAN BARAT,Landak,10.01,7.15,7969,73.39,67.17,1.78,72.29,66,65.11
KALIMANTAN BARAT,Melawi,11.44,7.18,8830,73.14,66.81,1.95,74.41,65.5,48.52
KALIMANTAN BARAT,Sambas,6.92,6.74,10462,69.39,67.95,5.08,74.12,90.43,97.09
KALIMANTAN BARAT,Sanggau,4.51,7.41,8782,71.58,66.91,3.76,70.27,64.98,80.33
KALIMANTAN BARAT,Sekadau,5.85,7.12,7566,72.39,65.58,1.33,74.31,72.33,51.67
KALIMANTAN BARAT,Sintang,8.57,7.36,8858,72.12,67.86,2.97,73.14,73.63,74.84
KALIMANTAN SELATAN,Balangan,5.83,7.85,11659,68.13,69.73,3.98,72.54,91.8,86.16
KALIMANTAN SELATAN,Banjar,2.79,7.71,12871,67.73,70.72,2.72,69.91,81.37,72.85
KALIMANTAN SELATAN,Barito Kuala,4.75,7.63,10230,66.55,67.37,3.63,70.74,52.75,61.08
KALIMANTAN SELATAN,Hulu Sungai Selatan,4.54,7.79,13157,66.51,69.76,2.29,69.55,80.92,68.67
KALIMANTAN SELATAN,Hulu Sungai Tengah,5.92,8.28,12448,66.54,69.7,3.35,67.63,79.85,88.21
KALIMANTAN SELATAN,Hulu Sungai Utara,6.49,7.76,10132,64.53,66.84,4.64,69.35,90.55,83.44
KALIMANTAN SELATAN,Kota Banjar Baru,4.17,10.98,14136,72.36,79.68,5.47,62.46,92.39,68.21
KALIMANTAN SELATAN,Kota Banjarmasin,4.74,10.21,14770,71.59,77.97,6.96,63.15,89.96,98.13
KALIMANTAN SELATAN,Tabalong,5.87,9.12,11914,70.84,73.13,4.46,72.32,95.11,73.46
KALIMANTAN SELATAN,Tanah Bumbu,4.26,8.25,12217,70.7,71.79,6.89,64.75,90.88,64.04
KALIMANTAN SELATAN,Tanah Laut,3.86,7.9,11703,69.86,70.35,4.17,70.92,77,66.57
KALIMANTAN SELATAN,Tapin,3.6,7.95,12247,70.88,71.02,4.15,70.31,79.81,76.7
KALIMANTAN TENGAH,Barito Selatan,4.88,9.01,11780,67.48,71.01,3.53,65.99,57.6,58.77
KALIMANTAN TENGAH,Barito Timur,6.59,9.32,11710,68.61,72.07,2.95,75.3,84.2,66.55
KALIMANTAN TENGAH,Barito Utara,5.8,8.9,10182,71.5,71.21,4.82,69.98,75.01,74.04
KALIMANTAN TENGAH,Gunung Mas,5.64,9.24,10990,70.72,71.4,2.96,69.53,92.87,57.62
KALIMANTAN TENGAH,Kapuas,5.52,7.64,11377,69.02,70.01,3.91,66.43,53.31,64.72
KALIMANTAN TENGAH,Katingan,5.5,8.78,11036,66.16,69.74,5.33,65.94,84.56,87.26
KALIMANTAN TENGAH,Kota Palangka Raya,3.61,11.55,14345,73.47,81.16,5.64,64,90.55,99.41
KALIMANTAN TENGAH,Kotawaringin Barat,3.93,8.54,13352,70.98,73.41,4.51,68.63,88.08,93.75
KALIMANTAN TENGAH,Kotawaringin Timur,5.95,8.16,12048,70.15,71.67,5,61.47,73.23,78.75
KALIMANTAN TENGAH,Lamandau,3.34,8.53,11559,69.62,71.11,3.41,70.32,75.2,81.88
KALIMANTAN TENGAH,Murung Raya,6.4,7.66,10697,69.75,68.63,2.77,68.7,64.91,55.16
KALIMANTAN TENGAH,Pulang Pisau,4.7,8.26,10273,68.36,69.01,1.96,71.64,60.67,85.54
KALIMANTAN TENGAH,Seruyan,7.43,7.99,9821,69.46,68.24,3.96,72.1,70.83,64.91
KALIMANTAN TENGAH,Sukamara,3.72,8.1,9225,71.8,68.94,6.46,69.82,79.96,85.66
KALIMANTAN TIMUR,Berau,5.65,9.54,13095,72.32,75.74,5.02,64.97,87.44,82.88
KALIMANTAN TIMUR,Kota Balikpapan,2.45,10.92,15455,74.78,81.13,6.09,63.48,89.86,97.19
KALIMANTAN TIMUR,Kota Bontang,4.54,10.81,17327,74.57,80.94,7.81,72.08,88.29,99.86
KALIMANTAN TIMUR,Kota Samarinda,4.85,10.71,15162,74.56,81.43,6.78,62.96,97.51,94.31
KALIMANTAN TIMUR,Kutai Barat,10.2,8.78,10740,73.1,72.92,4.62,69.68,88.14,82.33
KALIMANTAN TIMUR,Kutai Kartanegara,7.96,9.24,11677,72.65,74.67,4.14,61.95,88.97,82.11
KALIMANTAN TIMUR,Kutai Timur,9.28,9.44,11322,73.47,74.35,6.48,67.78,88.66,78
KALIMANTAN TIMUR,Paser,9.43,8.8,11181,72.89,73.44,4.88,61.7,82.29,69.71
KALIMANTAN TIMUR,Penajam Paser Utara,7.25,8.51,11890,71.71,72.55,2.12,68.4,86.77,86.35
KALIMANTAN UTARA,Bulungan,9.32,9.2,9641,72.76,72.08,5.03,64.24,92.37,73.88
KALIMANTAN UTARA,Kota Tarakan,6.3,10.08,11596,74.06,76.68,5.76,65.49,83.95,99.64
KALIMANTAN UTARA,Malinau,6.64,9.41,10304,71.5,72.75,3.3,73.55,89.9,74.65
KALIMANTAN UTARA,Nunukan,6.13,8.24,7446,71.41,67.16,2.74,69.1,72.59,94.42
KALIMANTAN UTARA,Tana Tidung,4.45,8.97,8012,71.51,68.6,3.33,74.49,70.89,93.15
KEP. BANGKA BELITUNG,Bangka,4.26,8.27,12863,71.37,72.95,5.39,68.81,94.18,72.23
KEP. BANGKA BELITUNG,Bangka Barat,2.46,7.46,12790,70.25,70.12,4.86,70.23,91.02,84.04
KEP. BANGKA BELITUNG,Bangka Selatan,3.22,6.89,12341,68.68,67.95,5.09,66.71,86.48,74.2
KEP. BANGKA BELITUNG,Bangka Tengah,4.86,7.22,13422,71.82,71.4,3.99,66.47,93.79,85.42
KEP. BANGKA BELITUNG,Belitung,6.45,8.74,14045,71.31,73.38,4.3,65.25,92.69,85.23
KEP. BANGKA BELITUNG,Belitung Timur,6.49,8.67,12357,72.33,72.29,2.5,67.36,89.92,75.36
KEP. BANGKA BELITUNG,Kota Pangkal Pinang,4.55,10.27,16307,73.68,79.24,5.9,65.78,91.47,93.95
KEPULAUAN RIAU,Bintan,6.44,8.7,14739,70.76,74.99,6.91,66.04,87.64,85.48
KEPULAUAN RIAU,Karimun,6.87,8.48,12304,71.53,72.65,6.87,60.46,97.01,85.19
KEPULAUAN RIAU,Kepulauan Anambas,7.51,7.38,12137,67.73,69.61,2.15,71.64,29.07,28.56
KEPULAUAN RIAU,Kota Batam,5.19,11.17,18506,73.62,81.67,9.56,71.24,89.2,95.34
KEPULAUAN RIAU,Kota Tanjung Pinang,9.85,10.49,15864,72.49,79.64,5.27,65.37,91.71,93.35
KEPULAUAN RIAU,Lingga,14.05,7.12,12134,62.92,66.57,3.09,65.11,65.51,83.48
KEPULAUAN RIAU,Natuna,5.32,8.96,14834,65.76,73.47,4.15,67.89,76.45,87.23
LAMPUNG,Kota Bandar Lampung,8.21,10.96,12593,71.66,78.01,7.91,66.7,89.07,98.33
LAMPUNG,Kota Metro,7.87,10.98,12233,71.88,77.89,4.34,68.36,98.77,96.19
LAMPUNG,Lampung Barat,11.71,8.2,10175,67.9,68.39,2.1,83.17,83.75,65.08
LAMPUNG,Lampung Selatan,13.14,7.72,10266,69.69,69,5.31,65.8,94.29,90.81
LAMPUNG,Lampung Tengah,10.96,7.64,11710,70.08,70.8,3.56,76.75,81.25,83.26
LAMPUNG,Lampung Timur,13.98,8.04,10403,71.01,70.58,3.3,69.04,85.27,85.85
LAMPUNG,Lampung Utara,18.41,8.35,8951,69.57,68.33,6.15,63.96,80.82,70.31
LAMPUNG,Mesuji,6.84,7.09,8466,68.51,64.94,3.22,70.45,84.63,80.76
LAMPUNG,Pesawaran,13.85,7.77,8192,69.44,66.7,5.06,71.27,86.2,88.37
LAMPUNG,Pesisir Barat,13.84,8.53,8663,63.99,65.14,3.73,71.27,77.74,68.53
LAMPUNG,Pringsewu,9.34,8.4,10577,70.65,70.98,4.77,73.17,84.22,93.38
LAMPUNG,Tanggamus,10.98,7.35,9557,68.95,67.22,3.7,68.91,63.99,59.82
LAMPUNG,Tulang Bawang Barat,7.44,7.72,8737,70.23,67.13,4.12,70.21,77.89,51.87
LAMPUNG,Tulangbawang,8.42,7.56,11114,70.22,69.53,3.52,65.84,85.6,81.47
LAMPUNG,Way Kanan,11.76,7.72,9450,69.69,68.04,3.28,71.86,73.86,63.31
MALUKU,Buru,15.82,8.99,10414,66.72,69.94,4.99,72.04,76.47,45.27
MALUKU,Buru Selatan,14.75,8.06,7716,66.69,65.37,0.98,74.82,76.47,51.8
MALUKU,Kepulauan Aru,23.51,8.87,7733,63.29,64.21,2.1,63.03,76.47,64.18
MALUKU,Kota Ambon,4.68,12.21,14405,71,81.63,11.67,62.27,76.47,37.59
MALUKU,Kota Tual,20.56,10.54,7519,66.16,68.6,9.07,59.21,76.47,66.89
MALUKU,Maluku Barat Daya,27.64,8.77,7010,62.98,63.07,2.47,72.4,76.47,66.89
MALUKU,Maluku Tengah,17.46,9.76,10406,66.73,71.81,6.76,65.87,76.47,57.89
MALUKU,Maluku Tenggara,21.19,9.78,7795,65.46,66.88,5.74,62.08,76.47,68.17
MALUKU,Seram Bagian Barat,22.25,9.24,8890,62.25,66.67,5.45,68.13,76.47,42.47
MALUKU,Seram Bagian Timur,20.73,8.71,9591,60.06,65.05,3.38,65.38,76.47,57.75
MALUKU UTARA,Halmahera Barat,8.43,8.57,7636,66.64,66.2,3.45,70.21,67.77,93.92
MALUKU UTARA,Halmahera Selatan,4.99,8.16,7479,66.22,65.06,1.51,67.43,70.25,84.08
MALUKU UTARA,Halmahera Tengah,12,9.02,8212,64.61,66.49,3.06,70.81,81.93,67.59
MALUKU UTARA,Halmahera Timur,13.14,8.52,8230,69.5,67.93,5.2,68.08,79.79,69.95
MALUKU UTARA,Halmahera Utara,4.58,8.63,7774,69.88,68.38,6.06,66.88,64.93,84.85
MALUKU UTARA,Kepulauan Sula,7.64,9.02,7417,63.68,64.7,2.1,58.29,82.09,90.35
MALUKU UTARA,Kota Ternate,3.11,12.06,13586,71.38,80.81,5.77,58.9,95.56,99.52
MALUKU UTARA,Kota Tidore Kepulauan,5.99,9.96,8586,69.75,71.55,2.85,65.35,88.76,97.71
MALUKU UTARA,Pulau Morotai,5.42,7.42,6767,67.74,63.8,4.35,65.93,68.56,90.35
MALUKU UTARA,Pulau Taliabu,6.88,7.94,6623,62.53,61.64,4.17,61.56,62.65,80.4
NUSA TENGGARA BARAT,Bima,14.5,8.17,8699,66.87,67.57,2.28,73.3,83.33,98.21
NUSA TENGGARA BARAT,Dompu,12.4,8.73,9203,67.36,69.15,2.5,70.76,78.09,98.3
NUSA TENGGARA BARAT,Kota Bima,8.8,10.94,11395,70.83,76.84,3.73,69.8,90.23,99.37
NUSA TENGGARA BARAT,Kota Mataram,8.63,9.55,15416,72.2,79.59,6.03,63.26,91.36,100
NUSA TENGGARA BARAT,Lombok Barat,13.39,6.6,11754,67.63,69.41,4.16,71.69,75.74,91.12
NUSA TENGGARA BARAT,Lombok Tengah,12.89,6.44,10470,66.75,67.57,3.02,73.2,82.1,90.45
NUSA TENGGARA BARAT,Lombok Timur,15.14,7.04,9631,66.55,67.59,1.51,69.16,83.35,97.99
NUSA TENGGARA BARAT,Lombok Utara,25.93,6.3,9433,67.75,65.7,0.38,76.56,81.44,90.74
NUSA TENGGARA BARAT,Sumbawa,13.5,8.21,9598,68.12,68.89,2.11,72.08,84.54,96.77
NUSA TENGGARA BARAT,Sumbawa Barat,13.02,8.9,11987,68.74,72.65,4.56,75.76,97.18,99.02
NUSA TENGGARA TIMUR,Alor,20.25,8.43,7198,61.99,62.26,2.27,75.07,81.59,86.76
NUSA TENGGARA TIMUR,Belu,14.84,7.38,7593,65.28,63.22,6,66.63,83.96,86.76
NUSA TENGGARA TIMUR,Ende,23,8.09,9413,65.76,67.97,2.06,75.53,88.09,86.76
NUSA TENGGARA TIMUR,Flores Timur,10.75,7.79,7918,65.62,64.93,3.49,74.56,88,86.76
NUSA TENGGARA TIMUR,Kota Kupang,8.61,11.61,13513,70.11,80.2,8.55,61.33,82.74,86.76
NUSA TENGGARA TIMUR,Kupang,21.7,7.41,7776,65.28,65.04,3.23,75.32,78.15,86.76
NUSA TENGGARA TIMUR,Lembata,25.18,8.25,7622,67.52,65.47,4.74,71.89,88.41,86.76
NUSA TENGGARA TIMUR,Malaka,15.26,7.12,6250,65.34,61.34,3.3,76.38,70.88,86.76
NUSA TENGGARA TIMUR,Manggarai,19.84,7.62,7580,67.38,65.83,3.5,78.52,62.1,86.76
NUSA TENGGARA TIMUR,Manggarai Barat,17.15,7.8,7636,67.73,64.92,4.91,80.46,78.09,86.76
NUSA TENGGARA TIMUR,Manggarai Timur,25.35,7.42,6145,68.29,62.3,1.89,82.55,51.83,86.76
NUSA TENGGARA TIMUR,Nagekeo,12.05,7.91,8433,67.56,66.22,2.97,71.02,88.3,86.76
NUSA TENGGARA TIMUR,Ngada,11.93,8.54,8997,68.4,68.26,2.81,78.56,86.66,86.76
NUSA TENGGARA TIMUR,Rote Ndao,27.45,7.76,6719,65.26,63.21,3.64,73.2,88.82,86.76
NUSA TENGGARA TIMUR,Sabu Raijua,28.73,6.77,5558,60.87,57.9,3.29,76.71,69.6,86.76
NUSA TENGGARA TIMUR,Sikka,12.61,6.96,8362,67.86,66.06,4.51,71.62,79.16,86.76
NUSA TENGGARA TIMUR,Sumba Barat,27.47,6.85,7627,67.35,64.43,2.98,73.95,52.84,86.76
NUSA TENGGARA TIMUR,Sumba Barat Daya,27.16,6.37,6779,68.79,63.15,1.97,77.22,45.83,86.76
NUSA TENGGARA TIMUR,Sumba Tengah,32.51,6.73,6288,68.65,62.71,1.21,76.71,54.29,86.76
NUSA TENGGARA TIMUR,Sumba Timur,28.22,7.33,9641,65.38,66.17,2.61,79.66,59.76,86.76
NUSA TENGGARA TIMUR,Timor Tengah Selatan,25.45,6.76,7118,66.68,62.73,1.99,82.44,60.52,86.76
NUSA TENGGARA TIMUR,Timor Tengah Utara,21.5,7.97,6559,67.35,64.26,3.51,79.95,81.98,86.76
PAPUA,Asmat,24.87,5.36,5860,58.9,52.22,2.83,77.75,40.34,65.39
PAPUA,Biak Numfor,24.48,10.53,9788,68.5,72.85,7.4,72.31,40.34,65.39
PAPUA,Boven Digoel,20.04,9.03,8086,60.64,62.52,2.83,77.75,40.34,65.39
PAPUA,Deiyai,40.31,3.26,4808,65.66,50.42,2.83,77.75,40.34,65.39
PAPUA,Dogiyai,29.48,4.96,5705,66.13,55.72,2.83,77.75,40.34,65.39
PAPUA,Intan Jaya,42.03,3.26,5624,65.93,49.25,2.83,77.75,40.34,65.39
PAPUA,Jayapura,11.94,10.27,10230,67.45,72.67,5.94,65.13,40.34,65.39
PAPUA,Jayawijaya,35.8,5.74,7765,60.26,59.6,2.83,77.75,40.34,65.39
PAPUA,Keerom,15.77,8.31,9153,67.04,67.24,2.49,74.75,40.34,65.39
PAPUA,Kepulauan Yapen,26.15,9.69,7685,69.39,68.41,3.6,68.36,40.34,65.39
PAPUA,Kota Jayapura,11.12,11.74,15189,70.76,80.61,9.71,60.61,40.34,65.39
PAPUA,Lanny Jaya,37.76,3.59,4559,66.31,49.62,2.83,77.75,40.34,65.39
PAPUA,Mamberamo Raya,30.73,6.12,4806,58.29,53.1,2.32,63.19,40.34,65.39
PAPUA,Mamberamo Tengah,35.92,3.48,4630,64.05,49.25,2.83,77.75,40.34,65.39
PAPUA,Mappi,26.04,6.78,6550,65.66,59.61,2.83,77.75,40.34,65.39
PAPUA,Merauke,10.1,9.04,10424,67.31,71.24,2.83,77.75,40.34,65.39
PAPUA,Mimika,14.28,10.2,11647,72.57,75.08,2.83,77.75,40.34,65.39
PAPUA,Nabire,23.9,10.16,9040,68.41,69.91,2.83,77.75,40.34,65.39
PAPUA,Nduga,36.73,1.58,4190,55.7,34.1,2.83,77.75,40.34,65.39
PAPUA,Paniai,36.63,4.78,6554,66.94,57.14,2.83,77.75,40.34,65.39
PAPUA,Pegunungan Bintang,30.32,3.23,5618,64.79,47.21,2.83,77.75,40.34,65.39
PAPUA,Puncak,36.25,2.17,5583,66.13,43.87,2.83,77.75,40.34,65.39
PAPUA,Puncak Jaya,36.3,4.03,5422,65.66,49.84,2.83,77.75,40.34,65.39
PAPUA,Sarmi,13.76,9.15,6864,66.74,64.86,2.09,68.96,40.34,65.39
PAPUA,Supiori,37.7,9.09,5904,66.36,63.65,2.93,61.22,40.34,65.39
PAPUA,Tolikara,31.31,3.67,5079,66.08,50.51,2.83,77.75,40.34,65.39
PAPUA,Waropen,30.22,9.4,6919,66.68,65.67,6.64,56.98,40.34,65.39
PAPUA,Yahukimo,36.21,4.28,5101,66.31,50.25,2.83,77.75,40.34,65.39
PAPUA,Yalimo,31.68,3.19,4802,65.72,49.9,2.83,77.75,40.34,65.39
PAPUA BARAT,Fakfak,22.06,9.08,7678,68.75,69.12,6.75,63.29,73.52,81.57
PAPUA BARAT,Kaimana,15.29,8.74,8453,65.27,66.11,3.34,77.43,73.52,81.57
PAPUA BARAT,Kota Sorong,14.96,11.32,13874,71.4,78.98,5.37,68.55,73.52,81.57
PAPUA BARAT,Manokwari,19.9,8.45,12179,69.18,72.6,5.41,63.88,73.52,81.57
PAPUA BARAT,Manokwari Selatan,28.55,6.9,5691,67.84,60.68,1.06,77.4,73.52,81.57
PAPUA BARAT,Maybrat,31.14,7.19,5425,65.53,60.49,5.37,68.55,73.52,81.57
PAPUA BARAT,Pegunungan Arfak,33.71,5.34,5204,67.5,57.01,5.37,93.75,73.52,81.57
PAPUA BARAT,Raja Ampat,17.32,8.16,8187,65.12,64.65,5.37,68.55,73.52,81.57
PAPUA BARAT,Sorong,27.58,8.52,7607,66.55,66.69,5.37,68.55,73.52,81.57
PAPUA BARAT,Sorong Selatan,18.48,7.58,6342,66.72,63.08,5.37,68.55,73.52,81.57
PAPUA BARAT,Tambrauw,32.45,5.64,5084,60.68,54.63,5.37,68.55,73.52,81.57
PAPUA BARAT,Teluk Bintuni,29.73,8.35,9979,61.37,65.27,3.58,70.58,73.52,81.57
PAPUA BARAT,Teluk Wondama,30.06,7.2,8177,60.57,60.87,2.86,72.77,73.52,81.57
RIAU,Bengkalis,6.32,9.71,11857,71.5,74.38,7.18,61.97,86.99,94.2
RIAU,Indragiri Hilir,5.98,7.26,10234,68.31,67.37,1.5,63.97,56.32,88.76
RIAU,Indragiri Hulu,6.14,8.4,10472,70.48,70.46,2.53,65.98,84.63,72.86
RIAU,Kampar,7.12,9.39,11394,71.12,73.84,3.62,61.4,82.97,91.37
RIAU,Kepulauan Meranti,23.84,7.88,8246,68.09,66.52,5.5,64.84,57.03,94.62
RIAU,Kota Dumai,3.2,10.15,12249,71.25,75.26,5.38,65.45,91.44,89.96
RIAU,Kota Pekanbaru,3.06,11.93,14804,72.7,82.06,6.4,63.91,96.65,98.57
RIAU,Kuantan Singingi,8.24,8.76,10647,68.87,71.09,2.66,62.67,86.98,82.49
RIAU,Pelalawan,8.97,8.72,12163,71.53,72.93,2.73,64.3,83.77,86.09
RIAU,Rokan Hilir,6.73,8.28,9906,70.69,70.1,4.55,64.52,81.15,86.38
RIAU,Rokan Hulu,9.95,8.55,9841,70.51,70.31,3.62,64.08,90.1,91.12
RIAU,Siak,5.07,9.87,12230,71.37,74.5,6.11,65.86,93.51,91.62
SULAWESI BARAT,Majene,15.13,9.1,10152,62.16,67.84,2.19,68.05,83.26,94.59
SULAWESI BARAT,Mamasa,14.51,8,7837,71.2,67.21,2.06,85.95,64.73,35.07
SULAWESI BARAT,Mamuju,7.63,8.09,9668,68.21,68.88,3.06,70.92,74.58,82.14
SULAWESI BARAT,Mamuju Tengah,7.17,7.61,8633,68.97,66.89,1.88,63.15,83.63,78.23
SULAWESI BARAT,Polewali Mandar,16.39,7.6,8726,62.86,64.79,2.16,76.13,83.61,86.18
SULAWESI SELATAN,Bantaeng,9.07,6.81,12133,70.88,69.69,2.72,75.36,88.82,97.84
SULAWESI SELATAN,Barru,8.4,8.25,11275,69.35,71.53,5.32,62.36,96.86,97.56
SULAWESI SELATAN,Bone,10.58,7.36,9277,67.57,67.01,2.27,67.48,94.61,91.33
SULAWESI SELATAN,Bulukumba,7.39,8.01,10941,68.51,70.34,1.26,65.27,87.76,84.63
SULAWESI SELATAN,Enrekang,12.39,8.93,11183,71.17,73.39,0.58,72.05,94.76,86.6
SULAWESI SELATAN,Gowa,7.36,8.4,9812,70.7,70.99,3.26,73.16,96.18,93.18
SULAWESI SELATAN,Jeneponto,13.73,6.75,9425,66.81,65.13,2.21,75.26,83.2,97.78
SULAWESI SELATAN,Kepulauan Selayar,12.24,8.09,9446,68.81,68.35,1.49,69.93,80.84,96.39
SULAWESI SELATAN,Kota Palopo,7.78,11.09,13404,71.18,78.91,8.2,63.65,94.64,97.36
SULAWESI SELATAN,Kota Parepare,5.41,10.66,14027,71.57,78.54,5.6,63.62,95.46,98.24
SULAWESI SELATAN,Luwu,12.49,8.48,10308,70.75,71.36,3.85,67.74,89.02,84.81
SULAWESI SELATAN,Luwu Timur,6.81,8.92,13058,70.94,73.92,4.48,71.51,93.19,86.52
SULAWESI SELATAN,Luwu Utara,13.22,7.87,12105,69.03,70.51,2.81,72.23,93.07,90.53
SULAWESI SELATAN,Maros,9.43,8.02,11403,69.28,71,5.04,61.37,92.73,87.62
SULAWESI SELATAN,Pinrang,8.79,8.04,12102,70.15,71.97,2.79,57.72,92.06,92.05
SULAWESI SELATAN,Sidenreng Rappang,5.11,8.04,12379,70.41,72.06,3.56,57.63,94.13,97.95
SULAWESI SELATAN,Sinjai,8.8,7.79,9726,67.68,68.33,1.8,63.34,89.19,89.22
SULAWESI SELATAN,Soppeng,7.49,7.96,9756,70.2,69.7,3.4,61.9,94.99,92.7
SULAWESI SELATAN,Takalar,8.25,7.64,10746,67.64,68.31,2.63,64.46,91.98,96
SULAWESI SELATAN,Tana Toraja,12.18,8.52,7584,73.72,69.88,2.32,85.11,85.42,73.6
SULAWESI SELATAN,Toraja Utara,11.65,8.26,8494,73.65,70.36,1.99,68.84,89.81,77.22
SULAWESI SELATAN,Wajo,6.57,7.16,12729,67.82,70.26,2.54,61.13,94.05,86.32
SULAWESI TENGAH,Banggai,7.33,8.54,9963,70.88,71.08,3.09,73.48,81.07,95.59
SULAWESI TENGAH,Banggai Kepulauan,13.44,8.46,7712,66.73,66.08,1.48,74.63,75.05,95.88
SULAWESI TENGAH,Banggai Laut,13.17,8.63,8037,65.81,66.22,3.6,58.37,63.18,88.45
SULAWESI TENGAH,Buol,12.85,9.08,8176,69.32,68.72,3.07,69.18,73.48,85.03
SULAWESI TENGAH,Donggala,16.3,7.98,8303,67.61,66.25,2.84,72.03,64.4,79.52
SULAWESI TENGAH,Kota Palu,6.63,11.73,15162,71.2,82.02,6.15,64.68,83.72,96.69
SULAWESI TENGAH,Morowali,12.58,9.35,11291,69.23,72.55,3.2,60.74,76.58,91.91
SULAWESI TENGAH,Morowali Utara,12.97,8.75,9242,69.77,68.97,2.25,69.93,86.69,76.38
SULAWESI TENGAH,Parigi Moutong,14.63,7.77,10063,64.35,66.26,1.71,74.05,67.54,78.18
SULAWESI TENGAH,Poso,15.18,9.52,9218,71.19,71.93,1.68,72.41,91.47,91.87
SULAWESI TENGAH,Sigi,12.3,8.84,8498,70.15,69.05,3.02,72.69,71.82,80.18
SULAWESI TENGAH,Tojo Una-Una,16.12,8.41,8096,66.08,65.54,3.05,68.47,68.35,95.13
SULAWESI TENGAH,Toli-Toli,12.74,8.76,8191,66.41,66.76,3.31,64.7,64.45,76.02
SULAWESI TENGGARA,Bombana,10.26,8.05,8680,69.2,66.81,1.47,68.3,82.29,98.72
SULAWESI TENGGARA,Buton,13.27,8.25,7594,68.46,67.23,2.99,77.34,82.89,98.53
SULAWESI TENGGARA,Buton Selatan,14.41,7.64,7476,67.76,65.44,4.18,71.88,86.47,98.41
SULAWESI TENGGARA,Buton Tengah,14.9,7.33,7670,67.78,65.29,2.63,68.07,83.35,96.07
SULAWESI TENGGARA,Buton Utara,14.26,9.11,7935,70.96,69,2.1,81.23,69.69,95.72
SULAWESI TENGGARA,Kolaka,11.51,9.06,12639,71.3,73.98,4.17,64.49,89.12,97.68
SULAWESI TENGGARA,Kolaka Timur,13.57,8.15,8155,72.9,68.73,2.22,69.51,91.32,97.61
SULAWESI TENGGARA,Kolaka Utara,13.08,8.54,10721,70.4,70.39,2.86,77.18,91.09,92.27
SULAWESI TENGGARA,Konawe,12.75,9.3,10552,70.38,72.04,2.73,66.81,88.02,86.26
SULAWESI TENGGARA,Konawe Kepulauan,16.15,9.43,7192,68.46,66.69,1.52,68.65,74.52,89.01
SULAWESI TENGGARA,Konawe Selatan,11.08,8.27,9347,70.95,69.36,2.95,69.46,87.92,89.75
SULAWESI TENGGARA,Konawe Utara,13.72,9.53,9666,69.59,71.1,2.01,71.64,86.56,89.02
SULAWESI TENGGARA,Kota Baubau,7.31,10.92,10835,71.36,76.67,5.39,61.14,91.69,100
SULAWESI TENGGARA,Kota Kendari,4.57,12.52,14765,73.93,84.51,5.23,65.48,94.71,95.27
SULAWESI TENGGARA,Muna,13.41,8.52,8328,70.47,69.61,3.11,66.41,80.9,96.1
SULAWESI TENGGARA,Muna Barat,13.85,7.6,7668,70.39,66.21,2.4,82.12,67.67,96.05
SULAWESI TENGGARA,Wakatobi,14.55,8.5,9758,70.59,70.85,3.53,73.39,86.71,97.38
SULAWESI UTARA,Bolaang Mongondow,7.04,8.17,10614,69.78,68.95,4.96,62.17,62.62,92.94
SULAWESI UTARA,Bolaang Mongondow Selatan,11.92,8.16,9238,64.74,65.9,2.75,65.02,61.92,87.74
SULAWESI UTARA,Bolaang Mongondow Timur,5.85,8.09,9390,68.24,67.21,6.19,67.64,66.06,91.4
SULAWESI UTARA,Bolaang Mongondow Utara,7.31,8.57,9285,68.05,68.06,5.1,64.79,70.21,91.02
SULAWESI UTARA,Kepulauan Sangihe,10.5,8.49,11631,70.51,71.63,2.87,66.11,76.6,93.56
SULAWESI UTARA,Kepulauan Talaud,8.25,9.73,8869,70.57,70.43,3.67,74.2,85.99,86.55
SULAWESI UTARA,Kota Bitung,6.2,9.91,12665,71.38,74.7,8.56,61.88,95.76,98.14
SULAWESI UTARA,Kota Kotamobagu,5.19,10.32,11151,70.98,73.96,6.59,65.87,69.88,97.02
SULAWESI UTARA,Kota Manado,5.85,11.43,14399,72.18,79.66,10.47,59.51,86.76,95.69
SULAWESI UTARA,Kota Tomohon,5.26,10.75,12268,72.44,77.44,8.11,63.41,92.56,99.18
SULAWESI UTARA,Minahasa,7.05,9.82,12690,71.49,76.18,7,64.99,90.18,91.68
SULAWESI UTARA,Minahasa Selatan,9,9.19,11717,70.35,72.89,5.77,60.39,62.15,96.53
SULAWESI UTARA,Minahasa Tenggara,11.78,9.12,10753,70.52,71.48,3.43,67.45,73.81,85.71
SULAWESI UTARA,Minahasa Utara,6.6,10.18,11593,71.68,74.69,7.09,58.82,80.39,95.84
SULAWESI UTARA,Siau Tagulandang Biaro,8.2,9.21,8401,71.27,68.94,2.96,62.2,86.48,98.44
SUMATERA BARAT,Agam,6.22,8.98,10171,72.89,73.29,4.93,73.05,74.84,92.8
SUMATERA BARAT,Dharmasraya,5.56,8.56,11650,71.9,72.3,6.23,71.65,81.09,69.61
SUMATERA BARAT,Kepulauan Mentawai,13.97,7.48,6567,64.93,62.19,1.39,78.25,69.09,63.21
SUMATERA BARAT,Kota Bukittinggi,4.46,11.63,13633,74.82,81.42,4.9,64.43,85.09,98.56
SUMATERA BARAT,Kota Padang,4.26,11.6,14889,73.93,83.29,11.69,62.81,76.1,97.93
SUMATERA BARAT,Kota Padang Panjang,5.14,11.92,11153,73.02,78.78,4.84,64.02,77.42,98.09
SUMATERA BARAT,Kota Pariaman,4.13,10.78,13150,70.67,77.65,5.19,67.76,82.91,95.46
SUMATERA BARAT,Kota Payakumbuh,5.66,10.82,13687,74.14,79.53,5.16,70.06,87.1,98.83
SUMATERA BARAT,Kota Sawah Lunto,2.28,10.43,10537,70.4,73.73,5,70.85,86.86,92.75
SUMATERA BARAT,Kota Solok,3.02,11.35,12515,74.06,79.23,3.9,69.46,92.47,97.17
SUMATERA BARAT,Lima Puluh Kota,6.59,8.08,10035,70.08,70.28,3.72,74.54,64.19,71.33
SUMATERA BARAT,Padang Pariaman,6.25,8.16,11159,69.34,71.63,6.6,70.44,59.76,88.22
SUMATERA BARAT,Pasaman,6.85,8.11,8619,67.96,67.41,5.38,74.97,42.81,75.77
SUMATERA BARAT,Pasaman Barat,6.93,8.55,9381,68.25,69.57,6.33,63.88,68.98,77.76
SUMATERA BARAT,Pesisir Selatan,7.11,8.43,9686,71.25,70.84,4.61,66.95,73.68,85.83
SUMATERA BARAT,Sijunjung,6,8.3,10582,66.7,68.69,4.87,68.17,74.14,70.27
SUMATERA BARAT,Solok,7.12,7.89,10539,69.19,70.02,5.89,74.44,57.28,81.02
SUMATERA BARAT,Solok Selatan,6.51,8.41,10560,68.38,69.71,3.71,77.99,55.33,77.46
SUMATERA BARAT,Tanah Datar,4.26,8.9,10695,70.49,73.29,5.91,70.9,57.49,87.8
SUMATERA SELATAN,Banyu Asin,10,7.45,10299,69.43,67.93,3.39,64.32,72.8,78.25
SUMATERA SELATAN,Empat Lawang,12.03,7.65,9838,65.45,66,3.59,71.17,66.93,64.85
SUMATERA SELATAN,Kota Lubuklinggau,12.68,9.91,13832,69.82,75.53,5.94,67.93,87.64,96.41
SUMATERA SELATAN,Kota Pagar Alam,8.47,9.41,9330,67.29,69.6,3.62,73.1,62.11,85.76
SUMATERA SELATAN,Kota Palembang,10.48,10.91,15168,71.49,79.47,8.2,64.48,92.66,97.96
SUMATERA SELATAN,Kota Prabumulih,11.28,10.2,13106,70.87,75.52,5.25,71.72,97.61,98.42
SUMATERA SELATAN,Lahat,15.61,8.53,10296,66.52,68.4,4.02,70.73,70.35,84.35
SUMATERA SELATAN,Muara Enim,11.12,7.9,11304,69.38,69.43,4.12,72.53,84.16,91.51
SUMATERA SELATAN,Musi Banyuasin,15.19,7.65,10453,69.19,68.6,4.4,71.12,80.71,81.75
SUMATERA SELATAN,Musi Rawas,13.34,7.55,10107,68.62,67.78,1.92,69.06,73.69,93.22
SUMATERA SELATAN,Musi Rawas Utara,18.45,7.26,10283,66.08,65.74,5.29,73.06,65.73,87.13
SUMATERA SELATAN,Ogan Ilir,12.33,7.91,11069,65.98,67.96,2.15,81.1,71.55,71.88
SUMATERA SELATAN,Ogan Komering Ilir,13.23,7.07,11251,69.01,68.02,3.75,68.79,63.95,78.52
SUMATERA SELATAN,Ogan Komering Ulu,11.61,8.73,10499,68.55,70.24,4.39,69.9,84.39,82.76
SUMATERA SELATAN,Ogan Komering Ulu Selatan,10.56,7.86,8895,67.36,65.87,1.83,72.99,57.54,76.52
SUMATERA SELATAN,Ogan Komering Ulu Timur,10.05,7.8,11759,69.48,70.23,4.79,67.93,87.48,94.15
SUMATERA SELATAN,Penukal Abab Lematang Ilir,11.76,7.06,8680,68.65,65.75,4.31,79.82,89.4,85.78
SUMATERA UTARA,Asahan,8.64,8.82,11515,68.73,71.13,6.26,65.68,89.33,92.92
SUMATERA UTARA,Batu Bara,11.53,8.26,10755,67.55,69.51,6.21,73.5,88.25,96.96
SUMATERA UTARA,Dairi,7.88,9.72,10740,69.64,72.56,0.88,85.01,94.14,96.68
SUMATERA UTARA,Deli Serdang,3.62,10.27,12657,72.07,76.19,8.79,66.84,91.13,97.38
SUMATERA UTARA,Humbang Hasundutan,8.86,10,8250,70.02,70.32,0.42,85.83,93.9,90.51
SUMATERA UTARA,Karo,8.17,10.02,12554,72.03,75.36,2.71,85.11,85.35,91.54
SUMATERA UTARA,Kota Binjai,5.1,11.18,11358,72.79,76.95,6.36,58.61,95.53,98.79
SUMATERA UTARA,Kota Gunungsitoli,14.81,8.64,8434,71.71,70.23,3.65,66.11,50.29,77.18
SUMATERA UTARA,Kota Medan,8.07,11.5,15503,73.58,81.76,8.89,62.23,92.18,98.53
SUMATERA UTARA,Kota Padangsidimpuan,6.89,11.11,11337,69.84,76.05,7.76,64.41,45.65,63.5
SUMATERA UTARA,Kota Pematang Siantar,7.88,11.31,12744,74.25,79.7,9.36,65.27,92.33,99.84
SUMATERA UTARA,Kota Sibolga,11.47,10.43,12135,69.77,74.74,7.05,65.85,42.05,97.69
SUMATERA UTARA,Kota Tanjung Balai,12.45,9.55,11589,63.87,69.86,0.42,70.77,93.51,87.59
SUMATERA UTARA,Kota Tebing Tinggi,9.59,10.65,13144,71.29,76.17,6.39,77.26,90.59,99.71
SUMATERA UTARA,Labuhan Batu,8.26,9.4,11474,70.37,72.92,6.9,63.51,80.36,93.68
SUMATERA UTARA,Labuhan Batu Selatan,8.09,8.92,11751,69.16,72.16,3.15,66.76,85.13,91.3
SUMATERA UTARA,Labuhan Batu Utara,9.09,8.64,12258,69.91,72.77,3.75,65.31,81.82,93.04
SUMATERA UTARA,Langkat,9.49,8.68,11439,69.39,71.86,6.88,71.51,86.5,92.66
SUMATERA UTARA,Mandailing Natal,8.92,8.76,10061,63.05,68.05,7.64,71.15,39.64,75.48
SUMATERA UTARA,Nias,16,5.88,7196,70.06,63.69,2.81,84.5,28.17,51.59
SUMATERA UTARA,Nias Barat,24.75,6.97,6152,69.43,62.93,0.53,84.63,39.95,70.74
SUMATERA UTARA,Nias Selatan,16.48,6.23,7195,69.21,63.17,3.69,78.54,12.23,66.71
SUMATERA UTARA,Nias Utara,23.4,6.78,6575,69.9,63.75,2.59,77.75,41.19,69.77
SUMATERA UTARA,Padang Lawas,8.05,9.31,9207,67.43,69.58,5.9,75.1,65.52,83.67
SUMATERA UTARA,Padang Lawas Utara,8.94,9.46,10447,67.53,70.93,4.31,70.33,71.03,82.13
SUMATERA UTARA,Pakpak Bharat,8.66,9.39,8558,66.44,68.85,0.26,86.2,88.98,81.87
SUMATERA UTARA,Samosir,11.77,9.46,8991,71.82,71.67,1.16,83.57,89.48,74.7
SUMATERA UTARA,Serdang Bedagai,7.82,8.71,11499,69.21,71.21,4.98,67.59,91.98,99.32
SUMATERA UTARA,Simalungun,8.26,9.63,11524,71.78,73.77,5.51,69.91,91.25,98.66
SUMATERA UTARA,Tapanuli Selatan,8.07,9.34,11727,65.28,70.92,3.65,74.53,52.9,73.17
SUMATERA UTARA,Tapanuli Tengah,11.71,8.86,10495,67.58,70.31,7.97,76.51,58.52,79.28
SUMATERA UTARA,Tapanuli Utara,8.93,10,11892,69.16,74.14,1.07,81.07,87.76,92.89
